-72.23285833,40.92676389,UNKNOWN
-72.26310556,41.24497778,UNKNOWN
-72.28035556,41.22193056,UNKNOWN
-72.29369167,41.21343056,CITIES SERVICES #4
-72.294525,41.00565278,UNKNOWN
-72.30285833,41.18815278,UNKNOWN
-72.31758056,41.00981944,UNKNOWN
-72.32452778,41.15844444,UNKNOWN
-72.34820278,41.03175,UNKNOWN
-72.34833333,41.23166667,UNKNOWN
-72.35786111,40.38676944,COIMBRA
-72.38675,41.07315278,UNKNOWN
-72.39032222,40.84520278,PANTHER
-72.4119,41.22100278,JAMES SHERIDAN
-72.41684167,41.15536111,UNKNOWN
-72.417525,40.62748611,UNKNOWN
-72.42264444,41.238975,UNKNOWN
-72.42575,41.17496389,UNKNOWN
-72.43286111,41.09009722,L.& W.B.C. CO.3
-72.43286389,41.16676389,BARATARIA
-72.46619722,41.16676389,THAMES
-72.47564444,41.25454444,UNKNOWN
-72.49439444,41.225375,UNKNOWN
-72.49636389,40.81079722,SHINNECOCK
-72.52398333,41.21989444,DIGHTON
-72.52704167,41.17998333,LAKE HEMLOCK
-72.535925,41.11272222,UNKNOWN
-72.54578611,41.20105556,UNKNOWN
-72.59713056,40.99427778,UNKNOWN
-72.59965833,40.99330556,UNKNOWN
-72.60861111,41.18178889,UNKNOWN
-72.71166667,41.07,UNKNOWN
-72.715,41.06333333,UNKNOWN
-72.722875,40.97509722,UNKNOWN
-72.742875,40.76509722,GATES CITY
-72.74886389,41.15620278,UNKNOWN
-72.775,41.04166667,CONTESA
-72.81454444,40.73343056,WILLIAM C. CARNEGIE
-72.8387,41.16075278,UNKNOWN
-72.84010278,40.51371111,OREGON
-72.84223889,41.18186389,UNKNOWN
-72.84816389,41.16308611,UNKNOWN
-72.85537778,41.21537222,UNKNOWN
-72.86343056,41.21099167,UNKNOWN
-72.86376667,41.16621944,UNKNOWN
-72.86381667,41.16611111,UNKNOWN
-72.86381944,41.1811,UNKNOWN
-72.8726,40.98009722,UNKNOWN
-72.87818611,41.16365,UNKNOWN
-72.87818611,41.16365,UNKNOWN
-72.89788056,40.72176389,SS VINDICATOR
-72.91555556,41.19501389,BUBI
-72.91621111,41.23342778,BUR
-72.91621111,41.33342778,G.S. REPPLIER
-72.93853611,41.19805833,UNKNOWN
-72.9386,41.19801389,UNKNOWN
-72.941275,41.13931667,UNKNOWN
-72.94828889,41.22111389,UNKNOWN
-72.9499,41.08971667,UNKNOWN
-72.97273056,41.01113611,UNKNOWN
-72.97921944,40.58536111,WOLCOTT
-72.99249722,41.0996,UNKNOWN
-73.00493611,40.3762,LINDA
-73.00770556,41.13648056,UNKNOWN
-73.00788611,40.5501,SAN DIEGO
-73.00788611,40.5501,UNKNOWN
-73.021775,40.55426667,SAN DIEGO
-73.02868333,41.17181667,UNKNOWN
-73.02868333,41.17181667,UNKNOWN
-73.03125,40.52333333,UNKNOWN
-73.03602222,41.12486111,UNKNOWN
-73.04139722,40.54055,SAN DIEGO
-73.04454722,41.04120833,UNKNOWN
-73.05373333,41.15786111,UNKNOWN
-73.05773611,41.14829722,UNKNOWN
-73.08025,40.61833333,UNKNOWN
-73.09543333,40.53817222,HYLTON CASTLE
-73.09814167,41.07764722,UNKNOWN
-73.09844722,41.12336667,UNKNOWN
-73.10103056,41.07915,UNKNOWN
-73.10158611,41.01146389,UNKNOWN
-73.10677222,41.05981944,UNKNOWN
-73.10815556,41.08709167,UNKNOWN
-73.11436111,41.00923333,UNKNOWN
-73.11790278,41.025575,UNKNOWN
-73.11790278,41.02559444,UNKNOWN
-73.12261944,41.03235556,LEXINGTON
-73.13070833,41.04253611,UNKNOWN
-73.14789167,40.46843333,UNKNOWN
-73.15085,40.4659,UNKNOWN
-73.16543889,40.46383611,REGGIE
-73.16743056,41.05706944,UNKNOWN
-73.17151667,41.02985556,UNKNOWN
-73.17404722,41.02921944,H.G. SMITH
-73.17927778,41.15565,THUNDER 1
-73.18211389,40.43573056,KENOSHA
-73.18511111,40.932875,UNKNOWN
-73.18946111,40.59963333,ZEELINER
-73.191225,40.59593333,UNKNOWN
-73.20180833,41.08473056,UNKNOWN
-73.20914167,40.48426111,DODGER
-73.21146667,41.09775556,UNKNOWN
-73.21234722,41.13066111,UNKNOWN
-73.21291111,41.05505278,UNKNOWN
-73.21490833,41.11925278,UNKNOWN
-73.21552222,41.11780556,UNKNOWN
-73.21881667,41.11596389,UNKNOWN
-73.22044444,41.11483056,UNKNOWN
-73.22120556,40.36883889,SKIPPY
-73.22151667,41.11110556,UNKNOWN
-73.22232778,41.11352222,UNKNOWN
-73.22351944,41.11291667,UNKNOWN
-73.22471667,41.03348056,UNKNOWN
-73.22974167,41.10650278,UNKNOWN
-73.23718889,41.10058056,UNKNOWN
-73.23839167,41.02841944,UNKNOWN
-73.25256944,41.10941111,UNKNOWN
-73.25330278,41.08958889,UNKNOWN
-73.25656111,41.05144444,UNKNOWN
-73.26622778,40.30010556,TARANTULA
-73.26864444,41.08460278,UNKNOWN
-73.26936389,41.07826111,UNKNOWN
-73.27094722,41.08342778,UNKNOWN
-73.27456111,40.33343889,YANKEE
-73.27483056,41.04121111,UNKNOWN
-73.27565278,41.03130278,UNKNOWN
-73.27681944,41.02882778,UNKNOWN
-73.28622778,40.6201,DRUMELZIER
-73.28789444,40.6201,UNKNOWN
-73.2963,41.11512222,UNKNOWN
-73.29731944,41.05267222,UNKNOWN
-73.29956111,40.33343889,COAST WISE
-73.29978333,41.07501389,UNKNOWN
-73.30696389,41.07900833,UNKNOWN
-73.31203889,41.03695278,UNKNOWN
-73.31465278,40.35115833,THREE FAIRS
-73.31598333,41.06079444,UNKNOWN
-73.32400278,41.08398333,DOC DELIGHT
-73.32785,41.02917222,UNKNOWN
-73.33289167,41.00009722,THOS TOMLINSON
-73.34178056,41.07245556,UNKNOWN
-73.348475,40.28750556,IRMA C
-73.35497222,40.89636111,UNKNOWN
-73.35556111,40.89734722,UNKNOWN
-73.35691667,40.89798056,UKNOWN
-73.35817222,41.08037222,UNKNOWN
-73.36639722,40.34198333,HAPPY DAYS
-73.37114444,40.28831389,DURLEY CHINE
-73.37178333,41.10009444,UNKNOWN
-73.39083056,40.28992778,FLORENCE
-73.39287222,41.00587778,BENJAMIN PACKARD
-73.39463056,41.01004167,UNKNOWN
-73.39505833,41.01406944,UNKNOWN
-73.39956667,40.58343611,HALCYON
-73.40019444,40.92741667,UNKNOWN
-73.40041111,41.00130833,UNKNOWN
-73.40223056,41.00132222,UNKNOWN
-73.40291389,41.00310833,UNKNOWN
-73.40460556,40.99994167,UNKNOWN
-73.40511667,41.09328889,UNKNOWN
-73.40567222,41.09231667,UNKNOWN
-73.40651389,41.00121111,UNKNOWN
-73.40696667,40.99774167,UNKNOWN
-73.40696667,40.99774167,UNKNOWN
-73.40789444,41.09315,UNKNOWN
-73.40816667,40.99475833,UNKNOWN
-73.40816667,40.99475833,UNKNOWN
-73.40839722,40.99509444,UNKNOWN
-73.4085,40.99894444,UNKNOWN
-73.40858889,41.09592778,UNKNOWN
-73.40884444,40.99974722,UNKNOWN
-73.40905278,41.00090556,UNKNOWN
-73.40942222,41.00035833,UNKNOWN
-73.40986667,41.03013611,CELTIC AND CAPERACE
-73.41114444,41.00151944,UNKNOWN
-73.41114444,41.00151944,UNKNOWN
-73.41325833,40.99616111,UNKNOWN
-73.41366944,40.99381667,UNKNOWN
-73.41389167,40.99453056,UNKNOWN
-73.41389167,40.99453056,UNKNOWN
-73.4139,40.99963889,UNKNOWN
-73.41420278,40.99786667,UNKNOWN
-73.41420278,40.99786667,UNKNOWN
-73.41471667,41.01791944,UNKNOWN
-73.41528056,41.00097222,UNKNOWN
-73.41557778,40.99859722,UNKNOWN
-73.41608611,40.99421111,UNKNOWN
-73.41618889,40.99238333,UNKNOWN
-73.41688333,40.99860556,UNKNOWN
-73.41761111,41.04611111,DOLPHIN
-73.41761944,40.890375,UNKNOWN
-73.41768333,40.99696944,UNKNOWN
-73.41794444,41.00297222,UNKNOWN
-73.41794444,41.00297222,UNKNOWN
-73.41811389,40.99148333,UNKNOWN
-73.41811389,40.99149722,UNKNOWN
-73.41894167,40.99405,UNKNOWN
-73.41894167,40.99405,UNKNOWN
-73.41925278,40.98955,UNKNOWN
-73.41925278,40.98955,UNKNOWN
-73.41970556,40.99944722,UNKNOWN
-73.41970556,40.99944722,UNKNOWN
-73.41978333,40.99168333,UNKNOWN
-73.42014444,40.99306667,UNKNOWN
-73.42028333,40.98966389,UNKNOWN
-73.42109444,40.99652222,UNKNOWN
-73.42109444,40.99652222,UNKNOWN
-73.42124167,40.99783889,UNKNOWN
-73.42178333,41.04509444,UNKNOWN
-73.422375,41.00061944,UNKNOWN
-73.422375,41.00061944,UNKNOWN
-73.42312222,40.99679167,UNKNOWN
-73.42395,41.006875,UNKNOWN
-73.42564722,40.99811389,UNKNOWN
-73.426175,40.99546389,UNKNOWN
-73.42673889,40.99719167,UNKNOWN
-73.42732778,41.00493889,UNKNOWN
-73.42771667,40.99954722,UNKNOWN
-73.42781111,40.6058,RODA
-73.42825833,40.99728611,UNKNOWN
-73.428875,40.998275,UNKNOWN
-73.428875,40.998275,UNKNOWN
-73.42945833,40.99430278,UNKNOWN
-73.42945833,40.99430278,UNKNOWN
-73.42964167,40.98863056,UNKNOWN
-73.43008333,41.00005,UNKNOWN
-73.43013889,40.99774444,UNKNOWN
-73.43033056,40.60393056,UNKNOWN
-73.43049444,40.98619167,UNKNOWN
-73.43049444,40.98619167,UNKNOWN
-73.43058333,40.89954167,UNKNOWN
-73.43114444,40.99534167,UNKNOWN
-73.4319,40.99296389,UNKNOWN
-73.43216667,40.99948333,UNKNOWN
-73.43216667,41.00046389,UNKNOWN
-73.43259444,40.99436389,UNKNOWN
-73.432675,41.00503056,UNKNOWN
-73.43298889,40.99033333,UNKNOWN
-73.43298889,40.99033333,UNKNOWN
-73.43331389,40.98809444,UNKNOWN
-73.43365833,40.99661944,UNKNOWN
-73.43365833,40.99661944,UNKNOWN
-73.43400278,40.98761111,UNKNOWN
-73.43400278,40.98761111,UNKNOWN
-73.43410556,40.95425278,GWENDOLINE STEERS
-73.43447778,40.99369444,UNKNOWN
-73.43447778,40.99371944,UNKNOWN
-73.43521111,40.99989167,UNKNOWN
-73.43527778,40.997525,UNKNOWN
-73.43560556,40.99829722,UNKNOWN
-73.43565556,41.00120556,UNKNOWN
-73.43596389,40.55527778,UNKNOWN
-73.43599722,40.99791389,UNKNOWN
-73.43703611,40.99517222,UNKNOWN
-73.43704444,40.98976667,UNKNOWN
-73.43747222,40.99122222,UNKNOWN
-73.43747222,40.99122222,UNKNOWN
-73.43748611,40.99775278,UNKNOWN
-73.43752778,40.89888889,UNKNOWN
-73.43812778,40.99578056,UNKNOWN
-73.43959444,41.00166389,UNKNOWN
-73.43959444,41.00166667,UNKNOWN
-73.43963056,40.99148611,UNKNOWN
-73.43973056,40.99735278,UNKNOWN
-73.44013889,40.99007778,UNKNOWN
-73.44013889,40.99007778,UNKNOWN
-73.44014444,40.99086389,UNKNOWN
-73.440675,40.99606667,UNKNOWN
-73.44123333,40.58843333,ELIZABETH
-73.44149722,40.99751111,UNKNOWN
-73.44158333,41.00342222,UNKNOWN
-73.44170833,40.99304444,UNKNOWN
-73.44180278,40.99566944,UNKNOWN
-73.44180278,40.99566944,UNKNOWN
-73.44265556,40.99076111,UNKNOWN
-73.44265556,40.99076111,UNKNOWN
-73.44332778,40.98847222,UNKNOWN
-73.44332778,40.98847222,UNKNOWN
-73.44356111,40.99023333,UNKNOWN
-73.44468056,40.99865278,UNKNOWN
-73.44485,40.99148611,UNKNOWN
-73.44498333,40.99739444,UNKNOWN
-73.44498333,40.99739444,UNKNOWN
-73.44503611,40.99063333,UNKNOWN
-73.44833333,41.00274444,UNKNOWN
-73.44956944,40.45843611,UNKNOWN
-73.44988333,40.99681389,UNKNOWN
-73.44988333,40.99681389,UNKNOWN
-73.45058333,40.98983333,UNKNOWN
-73.45282778,40.99042222,UNKNOWN
-73.45282778,40.99042222,UNKNOWN
-73.45397778,40.99663333,UNKNOWN
-73.45397778,40.99663333,UNKNOWN
-73.45418889,40.98946944,UNKNOWN
-73.45424167,40.98588889,UNKNOWN
-73.45424167,40.98589167,UNKNOWN
-73.4549,40.99119444,UNKNOWN
-73.4549,40.99119444,UNKNOWN
-73.45525278,40.98938056,UNKNOWN
-73.45785833,40.99032778,UNKNOWN
-73.46221667,40.98663333,UNKNOWN
-73.46226944,40.98673611,UNKNOWN
-73.46241389,41.02822222,UNKNOWN
-73.46397778,40.98374167,UNKNOWN
-73.46397778,40.98374167,UNKNOWN
-73.46553333,40.98601389,UNKNOWN
-73.46593333,41.03170556,UNKNOWN
-73.46650278,40.98649722,UNKNOWN
-73.46659167,41.04017778,UNKNOWN
-73.46900833,40.87009722,UNKNOWN
-73.47697222,40.977475,UNKNOWN
-73.47697222,40.977475,UNKNOWN
-73.47705278,40.97806111,UNKNOWN
-73.47705278,40.97806111,UNKNOWN
-73.48236944,40.966025,UNKNOWN
-73.48251944,41.00738333,CONDOR
-73.48826111,40.97350556,UNKNOWN
-73.48826111,40.97350556,UNKNOWN
-73.48956667,40.88120833,UNKNOWN
-73.49484167,40.915375,UNKNOWN
-73.49701111,40.984275,UNKNOWN
-73.49850833,40.97652222,UNKNOWN
-73.49850833,40.97652222,UNKNOWN
-73.49956389,41.00009722,GARRETT
-73.49956944,40.50010278,A. MCABE
-73.49956944,40.50010278,SENATOR WALTON
-73.50115556,40.5911,HOWARD
-73.50573056,40.98093889,UNKNOWN
-73.50821111,40.96744167,UNKNOWN
-73.50821111,40.96744167,UNKNOWN
-73.51416389,40.94596111,UNKNOWN
-73.51662778,40.99113889,UNKNOWN
-73.51860278,40.97728056,UNKNOWN
-73.52012222,40.89481944,UNKNOWN
-73.52106111,40.97413889,UNKNOWN
-73.52289722,41.03551111,UNKNOWN
-73.52317222,40.93280278,UNKNOWN
-73.52356667,41.00976667,UNKNOWN
-73.525575,40.877325,UNKNOWN
-73.52718056,40.55906667,DUKE
-73.52873611,40.588575,UNKNOWN
-73.52890278,40.50939167,C&C
-73.52984444,41.04148333,UNKNOWN
-73.53051389,40.960575,UNKNOWN
-73.53051389,40.960575,UNKNOWN
-73.53137222,41.04051111,UNKNOWN
-73.53325833,40.54275556,UNKNOWN
-73.53345278,41.00259722,UNKNOWN
-73.53454722,40.96938333,UNKNOWN
-73.53464722,40.96938333,UNKNOWN
-73.53517778,40.96025833,UNKNOWN
-73.53517778,40.96025833,UNKNOWN
-73.53608889,40.31998611,BROADCAST
-73.537525,40.96588056,UNKNOWN
-73.53771667,40.98683056,UNKNOWN
-73.53775,40.98613056,UNKNOWN
-73.53935278,40.94605278,UNKNOWN
-73.539675,40.94600833,UNKNOWN
-73.54109444,41.0219,UNKNOWN
-73.54118056,41.01250278,BLUE HUMMER
-73.54418333,40.91044444,UNKNOWN
-73.54456667,41.03398333,UNKNOWN
-73.54456944,40.91270556,UNKNOWN
-73.54509722,40.91636944,UNKNOWN
-73.54677222,40.97337222,UNKNOWN
-73.54957222,40.49454722,UNKNOWN
-73.55304722,40.52051667,UNKNOWN
-73.55331389,40.52030833,ANDY PIERCE
-73.555,40.99333333,UNKNOWN
-73.56242222,40.57836944,ACARA
-73.56483333,40.97263333,UNKNOWN
-73.57212222,40.93356944,UNKNOWN
-73.5727,40.97615833,UNKNOWN
-73.57302778,40.51001667,UNKNOWN
-73.57373889,40.48621389,UNKNOWN
-73.57599444,40.51123611,UNKNOWN
-73.57623333,40.99643056,UNKNOWN
-73.58008333,40.31563333,EUREKA
-73.58145833,40.93929722,UNKNOWN
-73.58145833,40.93946389,UNKNOWN
-73.58814167,41.00406111,UNKNOWN
-73.58917778,41.00243333,THAMES (SUGAR BOAT)
-73.59159722,40.38640278,THREE SISTERS
-73.60304444,40.94726389,UNKNOWN
-73.60374722,40.93122778,BABY DOLL
-73.60481944,40.93954167,UNKNOWN
-73.61373611,41.00898611,S.E.SPRING
-73.61383611,41.0088,S.E. SPRING
-73.61550833,40.95581111,HUNTER
-73.61624444,40.93228056,UNKNOWN
-73.62465278,40.95642778,POLING BROS. NO. 2
-73.62538056,40.93047222,UNKNOWN
-73.62774722,40.93661389,M-35
-73.62785833,40.94965278,UNKNOWN
-73.62854444,40.98424167,UNKNOWN
-73.63401389,40.91065278,UNKNOWN
-73.63484722,40.97593056,UNKNOWN
-73.63845833,40.895375,GLEN ISLAND
-73.64218333,40.93927222,UNKNOWN
-73.64381389,40.91765556,UNKNOWN
-73.64444722,40.91240278,UNKNOWN
-73.64735,40.85648611,UNKNOWN
-73.64798889,40.892875,UNKNOWN
-73.6487,40.90520833,UNKNOWN
-73.64929167,40.98731944,UNKNOWN
-73.64950833,40.98807778,UNKNOWN
-73.65123889,40.46843889,UNKNOWN
-73.65157222,40.85204167,UNKNOWN
-73.65211389,40.98208611,UNKNOWN
-73.65290556,40.47193889,LIZZIE D
-73.65346111,40.85981944,UNKNOWN
-73.65443056,40.28155556,IMMACULATA
-73.65458889,40.91508056,UNKNOWN
-73.65473889,40.82579444,UNKNOWN
-73.65491944,40.90286944,UNKNOWN
-73.65526667,40.84926389,UNKNOWN
-73.65722222,40.89879167,UNKNOWN
-73.65783056,40.90031389,UNKNOWN
-73.66005278,41.00053056,UNKNOWN
-73.66264444,40.83645556,UNKNOWN
-73.67008056,40.92715833,UNKNOWN
-73.67333333,40.54,UNKNOWN
-73.67623889,40.88843056,UNKNOWN
-73.67806944,40.94333333,CAPITOL CITY
-73.68472222,40.94333333,CITY OF HARTFORD
-73.68584444,40.53770278,IBERIA
-73.68596111,40.94009722,UNKNOWN
-73.69478611,40.92116944,UNKNOWN
-73.69746111,40.87571111,UNKNOWN
-73.69786667,40.87609444,UNKNOWN
-73.69849167,40.90681389,UNKNOWN
-73.70166667,40.93666667,UNKNOWN
-73.70195,40.83494167,UNKNOWN
-73.7036,40.83496111,UNKNOWN
-73.70484722,40.83785,UNKNOWN
-73.70518333,40.83173889,UNKNOWN
-73.70566667,40.83445,UNKNOWN
-73.70620556,40.90431944,UNKNOWN
-73.70833333,40.94166667,CAPRICORN
-73.71108056,40.94360278,UNKNOWN
-73.71173056,40.83515278,UNKNOWN
-73.71474722,40.8991,UNKNOWN
-73.71540833,40.83412778,UNKNOWN
-73.716125,40.94328611,UNKNOWN
-73.71657222,40.89679722,UNKNOWN
-73.71657222,40.89679722,UNKNOWN
-73.71706944,40.53785,BILLY B.
-73.71706944,40.53785,UNKNOWN
-73.71765,40.89761944,UNKNOWN
-73.71765,40.89761944,UNKNOWN
-73.71818611,40.8276,UNKNOWN
-73.71887222,40.90690278,UNKNOWN
-73.72121667,40.8887,UNKNOWN
-73.72130556,40.53085,UNKNOWN
-73.72216389,40.89559722,UNKNOWN
-73.72262778,40.93620833,UNKNOWN
-73.72369167,40.89333611,UNKNOWN
-73.72369167,40.89333611,UNKNOWN
-73.72833333,40.56638889,UNKNOWN
-73.72890556,40.52826389,FRAN S
-73.73086111,40.87801944,UNKNOWN
-73.73087222,40.87794722,UNKNOWN
-73.73136667,40.89365278,UNKNOWN
-73.73429722,40.8301,UNKNOWN
-73.73615,40.87163889,UNKNOWN
-73.73624167,40.83676667,UNKNOWN
-73.73625,40.87158333,UNKNOWN
-73.7367,40.87103889,UNKNOWN
-73.73676944,40.87101389,UNKNOWN
-73.73846389,40.87906944,MAINE
-73.73970833,40.89446667,UNKNOWN
-73.74078056,40.87263889,UNKNOWN
-73.74078889,40.87258056,UNKNOWN
-73.74185278,40.89274167,UNKNOWN
-73.742175,40.88332222,UNKNOWN
-73.74328056,40.87511111,UNKNOWN
-73.74404167,40.53268333,UNKNOWN
-73.74440556,40.87711389,UNKNOWN
-73.74443056,40.880725,UNKNOWN
-73.74523889,40.89331111,UNKNOWN
-73.74541667,40.89384444,UNKNOWN
-73.746025,40.89120278,UNKNOWN
-73.74668333,40.88895833,UNKNOWN
-73.74741667,40.87224444,UNKNOWN
-73.74792222,40.88503333,UNKNOWN
-73.74933056,40.51705,UNKNOWN
-73.749575,40.48343889,RUTH SHAW
-73.74994167,40.88047222,UNKNOWN
-73.750275,40.88115833,UNKNOWN
-73.75040278,40.88006111,UNKNOWN
-73.75071944,40.87831667,UNKNOWN
-73.75117222,40.87955833,UNKNOWN
-73.75121389,40.88151944,UNKNOWN
-73.75262778,40.41707778,MOHAWK
-73.75278056,40.87850278,UNKNOWN
-73.7547,40.87234167,UNKNOWN
-73.75507222,40.88225556,UNKNOWN
-73.75665833,40.84117778,UNKNOWN
-73.75684444,40.87381667,UNKNOWN
-73.75748056,40.85764444,UNKNOWN
-73.75773889,40.89155833,UNKNOWN
-73.75896667,40.85236389,UNKNOWN
-73.75896667,40.85236389,UNKNOWN
-73.75896667,40.85236389,UNKNOWN
-73.7592,40.85715,UNKNOWN
-73.759225,40.87655556,SWEDE
-73.76078611,40.86492778,UNKNOWN
-73.76081111,40.84115,UNKNOWN
-73.76113056,40.36843889,BALD EAGLE
-73.7633,40.86289722,UNKNOWN
-73.76370556,40.85199167,UNKNOWN
-73.76624167,40.35010833,ASFALTO
-73.76788889,40.91153889,UNKNOWN
-73.7682,40.91097778,UNKNOWN
-73.76874167,40.90995833,UNKNOWN
-73.76918611,40.83221389,UNKNOWN
-73.77045,40.84201111,UNKNOWN
-73.77131667,40.84586389,UNKNOWN
-73.77131667,40.84586389,UNKNOWN
-73.77134167,40.86343889,LADY DIANE
-73.77376944,40.84523889,UNKNOWN
-73.775,40.84333333,UNKNOWN
-73.77550556,40.56173333,MARGRET
-73.77596389,40.41677222,UNKNOWN
-73.77735278,40.89676389,UNKNOWN
-73.77838889,40.83539167,UNKNOWN
-73.77892778,40.83711944,UNKNOWN
-73.78086389,40.84769444,UNKNOWN
-73.78095,40.85501111,UNKNOWN
-73.78118056,40.80156111,UNKNOWN
-73.78124722,40.80238889,UNKNOWN
-73.78225,40.83306389,UNKNOWN
-73.78290833,40.79676667,UNKNOWN
-73.78346389,40.85121111,UNKNOWN
-73.78564722,40.82371667,UNKNOWN
-73.78596389,40.86482222,BARBARA JOHN
-73.78598056,40.82164444,UNKNOWN
-73.78598056,40.82164444,UNKNOWN
-73.78626111,40.80830556,UNKNOWN
-73.78741667,40.79883333,UNKNOWN
-73.78790833,40.86676667,UNKNOWN
-73.79027778,40.80124167,UNKNOWN
-73.79068611,40.80385,UNKNOWN
-73.792075,40.85482222,UNKNOWN
-73.79263056,40.83454444,UNKNOWN
-73.79324167,40.8571,UNKNOWN
-73.794575,40.85607222,UNKNOWN
-73.79471667,40.79548889,UNKNOWN
-73.79513056,40.85426667,LADY BALTIMORE
-73.79513333,40.80165833,UNKNOWN
-73.79538056,40.87831944,UNKNOWN
-73.79543611,40.84412778,UNKNOWN
-73.79735278,40.83037778,UNKNOWN
-73.79735278,40.85204444,UNKNOWN
-73.79763333,40.81218333,UNKNOWN
-73.79775833,40.32808056,BA WRECK
-73.80369444,40.79920833,UNKNOWN
-73.80395,40.80789722,UNKNOWN
-73.8043,40.82398889,UNKNOWN
-73.80652222,40.8426,UNKNOWN
-73.807475,40.38329444,UNKNOWN
-73.80802778,40.45434444,DRYLAND
-73.80874444,40.79704444,UNKNOWN
-73.81041111,40.85232222,UNKNOWN
-73.81098611,40.80851667,UNKNOWN
-73.81131389,40.80880833,UNKNOWN
-73.81233611,40.80972222,UNKNOWN
-73.81263333,40.83537778,UNKNOWN
-73.81277222,40.84732222,UNKNOWN
-73.8147,40.80928333,UNKNOWN
-73.81735556,40.86232222,BALLOON LIGHT
-73.81783889,40.45239444,RELIEF LIGHTSHIP
-73.81785,40.3622,CONTINENT
-73.81818889,40.8626,UNKNOWN
-73.81860556,40.86182222,UNKNOWN
-73.82164444,40.80315556,UNKNOWN
-73.82221667,40.80430278,UNKNOWN
-73.82294722,40.80187778,UNKNOWN
-73.82523889,40.45924444,UNKNOWN
-73.82525833,40.45920833,SANDY HOOK
-73.82650278,40.80646389,UNKNOWN
-73.83045833,40.8046,UNKNOWN
-73.83248333,40.80275833,UNKNOWN
-73.83291111,40.41010833,RENEGADE IV
-73.83291111,40.35010833,VAL-DEE-JO
-73.83895556,40.80004167,UNKNOWN
-73.83928333,40.55170556,CHARLES E. DUNLAP
-73.84027222,40.76648889,UNKNOWN
-73.8418,40.47871667,UNKNOWN
-73.8418,40.8151,UNKNOWN
-73.84221667,40.81607222,UNKNOWN
-73.84221667,40.81623889,UNKNOWN
-73.843225,40.80399444,UNKNOWN
-73.84335,40.50576667,UNKNOWN
-73.84421944,40.37199722,BLACK EAST
-73.84792222,40.80361111,UNKNOWN
-73.84792222,40.80361111,UNKNOWN
-73.84830556,40.802375,UNKNOWN
-73.84831667,40.534275,MISTLETOE
-73.84902222,40.80454444,UNKNOWN
-73.849275,40.80132222,UNKNOWN
-73.84957778,40.46677222,ZEPHYR II
-73.85220278,40.42706389,G.L. 78
-73.85738056,40.79985,UNKNOWN
-73.85763333,40.78315556,UNKNOWN
-73.85791111,40.33344167,UNKNOWN
-73.85791111,40.39594167,UNKNOWN
-73.85791111,40.396775,UNKNOWN
-73.85791111,40.79777778,UNKNOWN
-73.85860556,40.80746111,UNKNOWN
-73.85873056,40.80801667,UNKNOWN
-73.85963333,40.77693056,UNKNOWN
-73.86305278,40.41791389,UNKNOWN
-73.86541389,40.41609444,UNKNOWN
-73.86624444,40.45010556,UNKNOWN
-73.86783056,40.77892778,UNKNOWN
-73.86784722,40.42292222,ORMOND
-73.86860556,40.80787778,UNKNOWN
-73.86878611,40.78016389,UNKNOWN
-73.86999444,40.78037778,UNKNOWN
-73.87006944,40.42387778,PENTLAND FIRTH
-73.87041111,40.49610556,UNKNOWN
-73.87068889,40.49371667,UNKNOWN
-73.87105833,40.78729444,UNKNOWN
-73.87124444,40.48843889,UNKNOWN
-73.87152222,40.78607222,UNKNOWN
-73.87155,40.79928333,UNKNOWN
-73.87458056,40.57510556,UNKNOWN
-73.87491667,40.46653889,UNKNOWN
-73.87492222,40.79223889,UNKNOWN
-73.87505556,40.46425556,BD 1738
-73.87702778,40.79846944,UNKNOWN
-73.87702778,40.79847222,UNKNOWN
-73.87741111,40.49293889,UNKNOWN
-73.88016111,40.78546111,UNKNOWN
-73.88041111,40.78523889,UNKNOWN
-73.88046667,40.42280556,H.W. LONG
-73.88099444,40.7856,UNKNOWN
-73.88110556,40.7951,UNKNOWN
-73.88263333,40.79523889,UNKNOWN
-73.88316944,40.43343056,UNKNOWN
-73.88402222,40.79926667,UNKNOWN
-73.884975,40.78081111,UNKNOWN
-73.88780556,40.54616944,BLACK WARRIOR
-73.8893,40.79787778,UNKNOWN
-73.8893,40.79793333,UNKNOWN
-73.88957778,40.31510833,ORLEANS
-73.89164444,40.79008056,UNKNOWN
-73.89166667,40.525,UNKNOWN
-73.89179444,40.55212778,CORNELIA SOULE
-73.89296944,40.46821944,TAMPA III
-73.89402222,40.45288333,UNKNOWN
-73.89846944,40.56927222,UNKNOWN
-73.89918056,40.54286389,AJACE
-73.89942778,40.50421667,UNKNOWN
-73.89958056,40.55010556,CORSAIR
-73.89958056,40.49343889,UNKNOWN
-73.90005833,40.42351944,UNKNOWN
-73.90108889,40.42505278,RAMOS
-73.90191667,40.80306111,UNKNOWN
-73.9023,40.80001944,UNKNOWN
-73.90276389,40.75224444,UNKNOWN
-73.90313889,40.80318056,UNKNOWN
-73.90396111,40.80288333,UNKNOWN
-73.90405556,40.45411111,B.B. 14
-73.90540556,40.79858889,UNKNOWN
-73.90540556,40.79858889,UNKNOWN
-73.90626111,40.481925,FORT VICTORIA
-73.90698333,40.79491111,UNKNOWN
-73.90731389,40.47406111,UNKNOWN
-73.90791389,40.43343889,B.B.59
-73.90791389,40.47227222,UNKNOWN
-73.90995556,40.58448333,UNKNOWN
-73.91148333,40.59072222,UNKNOWN
-73.91160556,40.59016667,UNKNOWN
-73.91164167,40.5895,UNKNOWN
-73.91182222,40.790975,UNKNOWN
-73.91208056,40.45927222,UNKNOWN
-73.91257778,40.55083889,ROBERT A. SNOW
-73.9142,40.58811111,UNKNOWN
-73.91624444,40.366775,NAUTILUS
-73.91624722,40.45843889,G.L. 81
-73.91763611,40.55205,UNKNOWN
-73.91771944,40.56308889,UNKNOWN
-73.91834444,40.43357222,UNKNOWN
-73.91846944,40.41371944,CECILIA M DUNLAP
-73.91864444,40.37248056,UNKNOWN
-73.91976111,40.48196667,UNKNOWN
-73.91983056,40.58489722,UNKNOWN
-73.92061667,40.49174722,UNKNOWN
-73.92243333,40.585,UNKNOWN
-73.92258611,40.54695833,PRINCESS ANN
-73.92274167,40.45816389,UNKNOWN
-73.92444444,40.58489444,UNKNOWN
-73.9251,40.59855556,UNKNOWN
-73.925975,40.60051111,UNKNOWN
-73.92605833,40.46763611,UNKNOWN
-73.92777778,40.58694444,UNKNOWN
-73.92816667,40.58013889,UNKNOWN
-73.93175278,40.446925,UNKNOWN
-73.93178889,40.59364722,UNKNOWN
-73.93291111,40.316775,UNKNOWN
-73.93319167,40.569825,UNKNOWN
-73.93337222,40.35530278,UNKNOWN
-73.93458056,40.36344167,PONOCO
-73.93570556,40.44803889,UNKNOWN
-73.93588611,40.35696667,UNKNOWN
-73.93598056,40.53131944,PENNSYLVANIA
-73.93708056,40.77593333,UNKNOWN
-73.93896111,40.77648611,UNKNOWN
-73.93924167,40.28518611,UNKNOWN
-73.94010556,40.38275833,UNKNOWN
-73.94093889,40.38066111,UNKNOWN
-73.94124444,40.296775,WILLIAM B DIGGS
-73.94124722,40.356775,AUGUSTINA
-73.94132222,40.77738889,UNKNOWN
-73.94159444,40.78296389,UNKNOWN
-73.94183333,40.78329167,UNKNOWN
-73.94213333,40.78293056,UNKNOWN
-73.94222222,40.50694444,BRONX QUEEN
-73.94222222,40.58111111,UNKNOWN
-73.94235833,40.37399722,SUBCHASER 60
-73.94281667,40.773675,UNKNOWN
-73.94372222,40.385125,UNKNOWN
-73.94458056,40.53843889,UNKNOWN
-73.94624722,40.55510556,UNKNOWN
-73.94714167,40.28303889,UNKNOWN
-73.95044722,40.32471667,UNKNOWN
-73.95095278,40.8351,UNKNOWN
-73.95346944,40.43566111,UNKNOWN
-73.956525,40.47010556,UNKNOWN
-73.956525,40.47538333,UNKNOWN
-73.95791389,40.56676944,UNKNOWN
-73.96507778,40.74853333,UNKNOWN
-73.96624722,40.42510833,CASTALIA
-73.96958056,40.28677778,W.J. STAIRS
-73.97291389,40.31344167,CORNELIUS GRINNELL
-73.97458056,40.29177778,ATLANTIC
-73.97708333,40.70333333,UNKNOWN
-73.97763056,40.35881667,UNKNOWN
-73.97814167,40.36011389,UNKNOWN
-73.978225,40.42645556,UNKNOWN
-73.97862222,40.43596111,UNKNOWN
-73.97874722,40.35548889,UNKNOWN
-73.97916389,40.358025,UNKNOWN
-73.97938056,40.43289167,UNKNOWN
-73.98124722,40.48843889,ANNE D II
-73.98124722,40.35788611,UNKNOWN
-73.98138611,40.38574722,UNKNOWN
-73.98291667,40.7001,WESLEY BELLIS
-73.98406389,40.80552222,UNKNOWN
-73.984575,40.80486111,UNKNOWN
-73.98666667,40.54166667,UNKNOWN
-73.98777778,40.78777778,UNKNOWN
-73.98949167,40.38205278,UNKNOWN
-73.98958056,40.45843889,CLYDE
-73.99340833,40.58138889,UNKNOWN
-73.99354444,40.79319444,UNKNOWN
-73.99393611,40.46557778,UNKNOWN
-73.99430556,40.53371667,UNKNOWN
-73.99625,40.56843611,H.W. LONG
-73.99633333,40.774,UNKNOWN
-73.99688611,40.44807778,UNKNOWN
-73.99791389,40.411775,UNKNOWN
-73.99819167,40.38288611,UNKNOWN
-73.9984,40.58691667,UNKNOWN
-73.99871111,40.58540278,UNKNOWN
-73.99902778,40.58871667,UNKNOWN
-73.99925556,40.58644444,UNKNOWN
-73.99933056,40.41681667,UNKNOWN
-73.99952222,40.41055278,UNKNOWN
-73.99958333,40.50977222,ARIOSA
-73.99958333,40.66676944,CONSTANCE E
-73.99958333,40.78343333,EL ESTERO
-73.99958333,40.50010556,TURNER
-73.99958333,40.66676944,VALVOLINE 6
-73.99972222,40.77138889,UNKNOWN
-73.99994167,40.58138889,UNKNOWN
-74.00134167,40.58953056,PAT ROSE
-74.00412778,40.77713056,UNKNOWN
-74.00441667,40.6986,UNKNOWN
-74.00583333,40.77688889,UNKNOWN
-74.00654722,40.77036944,UNKNOWN
-74.00764444,40.56714722,UNKNOWN
-74.00916667,40.76916667,UNKNOWN
-74.00963889,40.69954444,UNKNOWN
-74.01075,40.69410278,UNKNOWN
-74.01075,40.69410278,UNKNOWN
-74.01215833,40.76827778,UNKNOWN
-74.01358333,40.56976944,DOLPHIN
-74.01458333,40.57810278,UNKNOWN
-74.015,40.57805556,UNKNOWN
-74.01597222,40.75538056,GILLEN 50
-74.01638889,40.58916667,UNKNOWN
-74.016625,40.58892778,UNKNOWN
-74.01691667,40.58893611,UNKNOWN
-74.01711667,40.73553611,UNKNOWN
-74.01908333,40.68376944,EVENING STAR
-74.01915,40.75620278,UNKNOWN
-74.01921944,40.736125,UNKNOWN
-74.01958333,40.59176944,UNKNOWN
-74.02,40.59166667,UNKNOWN
-74.02026667,40.37815556,UNKNOWN
-74.02166667,40.68,UNKNOWN
-74.02413333,40.65168056,D.S. 45
-74.02435556,40.65181667,BAY RIDGE BARGE
-74.02596389,40.69071944,UNKNOWN
-74.02599444,40.69069167,UNKNOWN
-74.03191667,40.58693611,UNKNOWN
-74.03208333,40.45510556,UNKNOWN
-74.03361389,40.57157222,UNKNOWN
-74.03525,40.69976667,UNKNOWN
-74.03535278,40.60764444,UNKNOWN
-74.03591667,40.69676667,UNKNOWN
-74.03608056,40.591825,UNKNOWN
-74.04125,40.50427222,UNKNOWN
-74.04125278,40.69608056,UNKNOWN
-74.04170833,40.62995833,UNKNOWN
-74.04330556,40.54666667,UNKNOWN
-74.04525278,40.46535278,UNKNOWN
-74.04525278,40.46535278,UNKNOWN
-74.04666667,40.59416667,UNKNOWN
-74.05022222,40.69436667,UNKNOWN
-74.05885,40.63249444,UNKNOWN
-74.059025,40.63325833,UNKNOWN
-74.05930556,40.43982778,ALEXANDER HAMILTON
-74.05930833,40.67565833,UNKNOWN
-74.06125278,40.67676944,UNKNOWN
-74.06513333,40.69031667,UNKNOWN
-74.06590278,40.69653056,UNKNOWN
-74.06847222,40.64343611,UNKNOWN
-74.070175,40.67922222,UNKNOWN
-74.07202222,40.43067222,UNKNOWN
-74.07619167,40.65530556,UNKNOWN
-74.07958333,40.43321667,UNKNOWN
-74.08529722,40.66021944,UNKNOWN
-74.08599444,40.66580833,UNKNOWN
-74.08616944,40.665425,UNKNOWN
-74.08839167,40.66507778,UNKNOWN
-74.09033333,40.66079444,UNKNOWN
-74.09107222,40.66234167,UNKNOWN
-74.09677778,40.64913889,UNKNOWN
-74.10975,40.64975,UNKNOWN
-74.11383611,40.68815833,UNKNOWN
-74.11403056,40.64926944,UNKNOWN
-74.11569722,40.64843611,UNKNOWN
-74.11611389,40.68968611,UNKNOWN
-74.117975,40.68999167,UNKNOWN
-74.12480833,40.68793611,UNKNOWN
-74.12533611,40.68438056,UNKNOWN
-74.13458333,40.48011111,UNKNOWN
-74.13903056,40.48924444,UNKNOWN
-74.13908333,40.48925,UNKNOWN
-74.13933333,40.64119444,UNKNOWN
-74.1402,40.65829722,UNKNOWN
-74.14238333,40.64056667,UNKNOWN
-74.14345278,40.65476944,UNKNOWN
-74.14694444,40.64291667,UNKNOWN
-74.14744722,40.53321667,UNKNOWN
-74.14778333,40.64026944,UNKNOWN
-74.15653333,40.64688056,UNKNOWN
-74.15945278,40.64106944,UNKNOWN
-74.16150278,40.64158333,UNKNOWN
-74.16150278,40.64160278,UNKNOWN
-74.16191944,40.64549444,UNKNOWN
-74.16234444,40.64208611,UNKNOWN
-74.16272778,40.64568889,UNKNOWN
-74.16292222,40.64146389,UNKNOWN
-74.16347778,40.64463056,UNKNOWN
-74.164,40.6434,UNKNOWN
-74.16418333,40.64346944,UNKNOWN
-74.16481111,40.64399167,UNKNOWN
-74.16544722,40.64391389,UNKNOWN
-74.16557778,40.64550833,UNKNOWN
-74.16577222,40.64427222,UNKNOWN
-74.16577222,40.644275,UNKNOWN
-74.16587778,40.64318333,UNKNOWN
-74.16625278,40.71676667,TEKA
-74.16630278,40.64461111,UNKNOWN
-74.17100556,40.64493611,UNKNOWN
-74.17222778,40.64510278,UNKNOWN
-74.17236111,40.47511111,UNKNOWN
-74.17264444,40.64426944,UNKNOWN
-74.17264444,40.644825,UNKNOWN
-74.17556389,40.64530833,UNKNOWN
-74.18472222,40.64427778,UNKNOWN
-74.18530556,40.64441667,UNKNOWN
-74.18961111,40.64416667,UNKNOWN
-74.19077778,40.64433333,UNKNOWN
-74.19083333,40.51083333,UNKNOWN
-74.19514444,40.639825,UNKNOWN
-74.19833333,40.49111111,UNKNOWN
-74.19913889,40.5955,UNKNOWN
-74.2,40.59402778,UNKNOWN
-74.20083333,40.62,UNKNOWN
-74.20494444,40.62119444,UNKNOWN
-74.20530556,40.62336111,UNKNOWN
-74.20564444,40.58143611,UNKNOWN
-74.20816111,40.50413611,UNKNOWN
-74.20985278,40.50773889,UNKNOWN
-74.21018056,40.58169444,UNKNOWN
-74.21018056,40.58169722,UNKNOWN
-74.21236667,40.57243889,UNKNOWN
-74.21380556,40.55961111,UNKNOWN
-74.21381111,40.55960556,UKNOWN
-74.21625278,40.45505,UNKNOWN
-74.21844167,40.55705833,UNKNOWN
-74.22644444,40.55663889,UNKNOWN
-74.24325556,40.51949444,UNKNOWN
-74.24428056,40.52571389,UNKNOWN
-74.24625,40.52683333,UNKNOWN
-74.24691667,40.53063889,UNKNOWN
-74.24847222,40.54152778,UNKNOWN
-74.24864444,40.53760556,UNKNOWN
-74.24906389,40.54052222,UNKNOWN
-74.24908333,40.53683333,UNKNOWN
-74.24958333,40.539,UNKNOWN
-74.25467222,40.54851944,UNKNOWN
-74.2558,40.50591111,UNKNOWN
-74.25597222,40.50571944,UNKNOWN
-74.34666667,40.45380833,UNKNOWN
